name,iata_code,photo_card,photo_background
Paris,PARÂ ,https://c2.staticflickr.com/8/7003/6672156239_01bde2b717_b.jpg,"https://upload.wikimedia.org/wikipedia/commons/thumb/9/97/Pont_des_Arts,_Paris.jpg/1280px-Pont_des_Arts,_Paris.jpg"
London,LON,https://cdn.pixabay.com/photo/2015/10/10/16/07/tower-bridge-980961_960_720.jpg,https://cdn.pixabay.com/photo/2016/02/02/23/29/westminster-1176318_960_720.jpg
Roma,ROM,"https://upload.wikimedia.org/wikipedia/commons/thumb/4/44/Rome_(IT),_Trevi-Brunnen_--_2013_--_3620.jpg/640px-Rome_(IT),_Trevi-Brunnen_--_2013_--_3620.jpg",https://cdn.pixabay.com/photo/2015/10/25/09/51/italy-1005504_960_720.jpg
Madrid,MAD,https://c2.staticflickr.com/8/7426/16499080702_844a424228_b.jpg,https://c2.staticflickr.com/8/7426/16499080702_844a424228_b.jpg
Berlin,BER,https://cdn.pixabay.com/photo/2016/03/10/19/35/berlin-1249080_960_720.jpg,https://cdn.pixabay.com/photo/2016/03/10/19/35/berlin-1249080_960_720.jpg
brussels,BRU,https://cdn.pixabay.com/photo/2016/07/22/14/58/brussels-1534989_960_720.jpg,https://cdn.pixabay.com/photo/2016/07/22/14/58/brussels-1534989_960_720.jpg
Athens,ATH,https://cdn.pixabay.com/photo/2012/02/07/17/12/acropolis-12044_960_720.jpg,https://cdn.pixabay.com/photo/2012/02/07/17/12/acropolis-12044_960_720.jpg
Milano,MXP,https://cdn.pixabay.com/photo/2015/04/03/20/52/city-centre-705879_960_720.jpg,https://c2.staticflickr.com/6/5483/14133651758_285c3fef4e_b.jpg
Venice,VCE,https://cdn.pixabay.com/photo/2015/09/02/12/50/grand-canal-918699_960_720.jpg,https://cdn.pixabay.com/photo/2015/09/02/12/50/grand-canal-918699_960_720.jpg
Amsterdam,AMS,https://cdn.pixabay.com/photo/2016/03/07/23/20/amsterdam-1243233_960_720.jpg,https://cdn.pixabay.com/photo/2016/03/07/23/20/amsterdam-1243233_960_720.jpg
Lisbon,LIS,https://cdn.pixabay.com/photo/2016/09/11/18/11/lisbon-1662245_960_720.jpg,http://cdn.images.cunard.com/webimage/HeroImage/Global/Images/Destinations/Lisbon19166.jpg
Dublin,DUB,"https://upload.wikimedia.org/wikipedia/commons/thumb/4/48/Moore_Street_market,_Dublin.jpg/1024px-Moore_Street_market,_Dublin.jpg",https://lonelyplanetimages.imgix.net/mastheads/stock-photo-temple-bar-district-in-dublin-at-night-100904953%20.jpg?sharp=10&vib=20&w=1200
Helsinki,HEL,https://upload.wikimedia.org/wikipedia/commons/b/ba/Helsinkimerelta--GFDL--.jpg,http://gotravelaz.com/wp-content/uploads/images/Helsinki_12996.jpg
Barcelona,BCN,http://media.routard.com/image/06/3/photo.1462063.18.jpg,https://cache-graphicslib.viator.com/graphicslib/vap/destination/barcelona-162975.jpg
Cyprus,LCA,http://newyearseveblog.com/wp-content/uploads/2016/09/cyprus-nye.jpg,https://static.europcar.com/files/live/sites/seo/files/contributed/images/location%20images/franchisee%20countries/Cyprus-1160x400.jpg
Florence,FLR,http://45.55.178.217/wp-content/uploads/2015/12/florence.jpg,http://i.dailymail.co.uk/i/pix/2015/12/24/16/2F995E0F00000578-3373437-image-a-96_1450975941088.jpg
Malta,MLA,http://www.planetware.com/photos-large/M/malta-popeye-village.jpg,http://newmedia.thomson.co.uk/live/vol/3/a7ea3952f3ca99b66a0a788b24c9600707a34750/1080x608/web/EUROPEMEDITERRANEANMALTACON_MLTMALTADES_000555.jpg
Vienna,VIE,https://cache-graphicslib.viator.com/graphicslib/thumbs674x446/2420/SITours/5-day-sightseeing-tour-from-vienna-to-budapest-in-vienna-115749.jpg,https://static1.squarespace.com/static/55035958e4b01d7294ef57ad/t/57507b688a65e291eba2f539/1464892268691/stadtansicht-wien--oesterreich-werbung-julius-silver--d.jpg.3146489.jpg?format=1500w
Riga,RIX,http://airporttransfers24.com/wp-content/uploads/2013/12/square.jpg,https://cache-graphicslib.viator.com/graphicslib/destination/riga-194010.jpg
Vilnius,VNO,http://35aqobgy79qkq7w3vokgfa6l.wpengine.netdna-cdn.com/wp-content/uploads/2014/09/Lithuania-Vilnius-view-of-main-square-MKlimenta-618-pixels.jpg,http://www.holyyearofmercy.com/wp-content/uploads/2015/03/vilnius-transfer.jpg